Source File	Size	loadResources	load	generateSnapshots	load-configure	scan	loadDepInfo	loadInfo	checkR4R4B	generateNarratives	validate	loadLists	checkConformanceResources	checkConformanceResources2	checkConformanceResources3	generateLogicalMaps	validateExpressions	scanForUsageStats	checkURLsUnique	processProvenanceDetails	generate1	generate2	generateLogicals	makeDependencies	generateExampleZip	generateValidationPack	scanProfilesForR5	scanExamplesForR5
/fsh-generated/resources/ImplementationGuide-hl7.fhir.cl.minsal.eis.json	44278	-	0	0	0	0	0	0	13	92	0	0	0	0	0	0	0	1	0	0	162	189	0	0	0	5	0	1
fsh-generated/resources/CodeSystem-eis-CondiciondelaActividadLaboral-CS.json	1946	2	0	0	3	0	1	0	0	143	0	0	1	0	0	0	0	0	0	0	16	74	0	0	0	1	0	0
fsh-generated/resources/CodeSystem-eis-EspecialidadesySubespecialidadesMedicas-CS.json	6888	3	0	0	0	0	0	0	1	56	0	0	0	0	0	0	0	1	0	0	38	58	0	0	0	1	0	0
fsh-generated/resources/CodeSystem-eis-EstadoCivil-CS.json	1407	1	0	0	0	0	0	0	0	2	0	0	0	0	0	0	0	0	0	0	10	19	0	0	0	0	0	0
fsh-generated/resources/CodeSystem-eis-GES-CS.json	17580	3	0	0	0	0	0	0	1	46	0	0	0	0	0	0	0	0	0	0	79	38	0	0	0	2	0	0
fsh-generated/resources/CodeSystem-eis-GruposdeOcupaciones-CS.json	1995	1	0	0	1	0	0	0	0	5	0	0	0	0	0	0	0	0	0	0	14	23	0	0	0	1	0	0
fsh-generated/resources/CodeSystem-eis-IdentidadGenero-CS.json	2560	2	0	0	0	0	0	0	1	41	0	0	0	0	0	0	0	0	0	0	14	20	0	0	0	0	0	0
fsh-generated/resources/CodeSystem-eis-InstitucionEmisoradeTituloProfesionalydeEspecialidad-CS.json	15527	6	0	0	0	0	0	0	1	21	0	0	0	0	0	0	0	0	0	0	88	49	0	0	0	4	0	0
fsh-generated/resources/CodeSystem-eis-ModalidaddeAtencionFONASA-CS.json	1523	5	0	0	0	0	0	0	0	6	0	0	0	0	0	0	0	0	0	0	11	15	0	0	0	0	0	0
fsh-generated/resources/CodeSystem-eis-NiveldeDiscapacidad-CS.json	1443	1	0	0	0	0	0	0	0	4	0	0	0	0	0	0	0	0	0	0	10	18	0	0	0	0	0	0
fsh-generated/resources/CodeSystem-eis-NiveldeInstruccion-CS.json	1288	1	0	0	0	0	0	0	0	1	0	0	0	0	0	0	0	0	0	0	11	16	0	0	0	0	0	0
fsh-generated/resources/CodeSystem-eis-OcupacionesDesagregadas-CS.json	45051	35	0	0	1	0	0	0	4	57	0	0	0	0	0	0	0	0	0	0	204	124	0	0	0	9	0	0
fsh-generated/resources/CodeSystem-eis-OrigendeDiscapacidad-CS.json	1427	5	0	0	0	0	0	0	0	2	0	0	0	0	0	0	0	0	0	0	10	19	0	0	0	0	0	0
fsh-generated/resources/CodeSystem-eis-PrevisiondeSalud-CS.json	1591	4	0	0	0	0	0	0	0	1	0	0	0	0	0	0	0	1	0	0	11	16	0	0	0	1	0	0
fsh-generated/resources/CodeSystem-eis-PuebloAfrodescendienteChileno-CS.json	1195	3	0	0	0	0	0	0	0	1	0	0	0	0	0	0	0	0	0	0	9	15	0	0	0	0	0	0
fsh-generated/resources/CodeSystem-eis-PueblosOriginarios-CS.json	1878	23	0	0	0	0	0	0	1	1	0	0	1	0	0	0	0	0	0	0	12	18	0	0	0	0	0	0
fsh-generated/resources/CodeSystem-eis-Religion-CS.json	1487	8	0	0	0	0	0	0	0	1	0	0	0	0	0	0	0	0	0	0	10	20	0	0	0	0	0	1
fsh-generated/resources/CodeSystem-eis-SEREMI-CS.json	2194	2	0	0	0	0	0	0	0	2	0	0	0	0	0	0	0	0	0	0	17	17	0	0	0	0	0	0
fsh-generated/resources/CodeSystem-eis-ServiciosdeSalud-CS.json	3343	5	0	0	0	0	0	0	0	2	0	0	0	0	0	0	0	0	0	0	19	19	0	0	0	1	0	0
fsh-generated/resources/CodeSystem-eis-SexoBiologico-CS.json	1210	6	0	0	0	0	0	0	0	1	0	0	0	0	0	0	0	0	0	0	8	13	0	0	0	0	0	0
fsh-generated/resources/CodeSystem-eis-TipodeIdentificador-CS.json	1455	3	0	0	0	0	0	0	0	2	0	0	0	0	0	0	0	0	0	0	10	13	0	0	0	0	0	0
fsh-generated/resources/CodeSystem-eis-TipodeSistemadeSalud-CS.json	1210	1	0	0	0	0	0	0	0	0	0	0	0	0	0	0	0	0	0	1	9	13	0	0	0	1	0	0
fsh-generated/resources/CodeSystem-eis-TituloProfesional-CS.json	3390	2	0	0	0	0	0	0	1	2	0	0	0	0	0	0	0	0	0	0	19	20	0	0	0	0	0	0
fsh-generated/resources/CodeSystem-eis-TituloProfesionalSCT-CS.json	3162	1	0	0	1	0	0	0	0	1	0	0	0	0	0	0	0	0	0	0	18	18	0	0	0	0	0	0
fsh-generated/resources/CodeSystem-eis-TramosFONASA-CS.json	1199	0	0	0	0	1	0	0	0	1	0	0	0	0	0	0	0	0	0	0	9	15	0	0	0	1	0	0
fsh-generated/resources/CodeSystem-eis-comunas-cs.json	23030	15	0	0	0	0	0	0	3	13	0	0	0	0	0	0	0	0	0	0	108	54	0	0	0	4	0	0
fsh-generated/resources/CodeSystem-eis-especialidades-bioquimicas-cs.json	1259	1	0	0	0	0	0	0	0	2	0	0	0	0	0	0	0	0	0	0	9	17	0	0	0	1	0	0
fsh-generated/resources/CodeSystem-eis-especialidades-enfermeria-cs.json	1094	2	0	0	0	0	0	0	0	1	0	0	0	0	0	0	0	0	0	0	8	16	0	0	0	0	0	0
fsh-generated/resources/CodeSystem-eis-especialidades-farmaceuticas-cs.json	1419	1	0	0	0	0	0	0	0	1	0	0	0	0	0	0	0	0	0	0	9	15	0	0	0	0	0	0
fsh-generated/resources/CodeSystem-eis-especialidades-odontologicas-cs.json	2288	1	0	0	0	0	0	0	0	1	0	0	0	0	0	0	0	0	0	0	13	16	0	0	0	0	0	0
fsh-generated/resources/CodeSystem-eis-establecimientos-nivel-atencion-cs.json	1324	1	0	0	1	0	0	0	0	36	0	0	0	0	0	0	0	0	0	0	12	15	0	0	0	0	0	0
fsh-generated/resources/CodeSystem-eis-establecimientos-nivel-complejidad-cs.json	2206	1	0	0	0	0	0	0	1	2	0	0	0	0	0	0	0	0	0	0	13	15	0	0	0	1	0	0
fsh-generated/resources/CodeSystem-eis-establecimientos-nivel-primario-cs.json	1431	2	0	0	0	0	0	0	0	1	0	0	0	0	0	0	0	0	0	0	9	16	0	0	0	0	0	0
fsh-generated/resources/CodeSystem-eis-establecimientos-nivel-secundario-cs.json	1335	4	0	0	0	0	0	0	0	1	0	0	0	0	0	0	0	0	0	0	11	15	0	0	0	0	0	0
fsh-generated/resources/CodeSystem-eis-establecimientos-nivel-terciario-cs.json	1171	9	0	0	0	0	0	0	0	0	0	0	0	0	0	0	0	0	0	0	8	14	0	0	0	0	0	0
fsh-generated/resources/CodeSystem-eis-establecimientos-privados-cs.json	1681	4	0	0	0	0	0	0	0	1	0	0	0	0	0	0	0	0	0	0	11	14	0	0	0	1	0	0
fsh-generated/resources/CodeSystem-eis-establecimientos-tipo-atencion-cs.json	1152	3	0	0	0	0	0	0	0	1	0	0	0	0	0	0	0	0	0	0	8	13	0	0	0	0	0	0
fsh-generated/resources/CodeSystem-eis-limite-urbano-censal-cs.json	1091	7	0	0	0	0	0	0	0	0	0	0	0	0	0	0	0	0	0	0	7	13	0	0	0	0	0	0
fsh-generated/resources/CodeSystem-eis-provincias-cs.json	4381	8	0	0	0	0	0	0	1	7	0	0	0	0	0	0	0	0	0	0	23	20	0	0	0	17	0	0
fsh-generated/resources/CodeSystem-eis-regiones-cs.json	1945	9	0	0	0	0	0	0	0	1	0	0	0	0	0	0	0	0	0	0	11	14	0	0	0	3	0	0
fsh-generated/resources/CodeSystem-eis-tipo-establecimiento-publicos-cs.json	1476	3	0	0	0	0	0	0	0	1	0	0	0	0	0	0	0	0	0	0	10	15	0	0	0	0	0	0
fsh-generated/resources/CodeSystem-eis-tipo-via-cs.json	1305	1	0	0	0	0	0	0	0	1	0	0	0	0	0	0	0	0	0	0	9	15	0	0	0	0	0	0
fsh-generated/resources/StructureDefinition-LimiteUrbano.json	1550	10	0	16	0	0	0	0	0	89	0	0	1	0	0	0	0	0	0	0	40	544	0	1	0	2	1	0
fsh-generated/resources/StructureDefinition-ModeloLogicoEISDireccion.json	10108	5	0	12	0	0	0	0	0	16	0	0	0	0	0	0	0	0	0	0	103	115	0	0	0	4	0	0
fsh-generated/resources/StructureDefinition-ModeloLogicoEISNombre.json	5002	4	0	4	0	0	0	0	0	5	0	0	0	0	0	0	0	0	0	0	46	62	0	0	0	1	0	0
fsh-generated/resources/StructureDefinition-ModeloLogicoEISRUN.json	3046	2	0	3	0	0	0	0	0	3	0	0	0	0	0	0	0	0	0	0	35	78	0	0	0	0	0	0
fsh-generated/resources/StructureDefinition-SegundoApellido.json	1300	6	0	3	0	0	0	0	0	4	0	0	0	0	0	0	0	1	0	0	36	93	0	0	0	1	0	0
fsh-generated/resources/StructureDefinition-deis-identifier.json	3975	8	0	59	0	0	0	0	0	19	0	0	0	0	0	0	0	0	0	0	110	123	0	0	0	2	0	0
fsh-generated/resources/StructureDefinition-eis-comunas.json	1632	6	0	5	0	0	0	0	0	5	0	0	0	0	0	0	0	0	0	0	40	65	0	0	0	1	0	0
fsh-generated/resources/StructureDefinition-eis-direccion.json	7353	6	0	21	0	0	0	0	0	19	0	0	1	0	0	0	0	0	0	0	155	130	0	0	0	3	0	1
fsh-generated/resources/StructureDefinition-eis-nombre-oficial.json	2919	3	0	8	0	0	0	0	0	6	0	0	0	0	0	0	0	0	0	0	67	92	0	0	0	1	0	0
fsh-generated/resources/StructureDefinition-eis-nombre-social.json	2126	2	0	9	0	0	0	0	0	5	0	0	0	0	0	0	0	0	0	0	63	99	0	0	0	5	0	0
fsh-generated/resources/StructureDefinition-eis-paises.json	1590	1	0	3	0	0	0	0	0	3	0	0	0	0	0	0	0	0	0	0	40	64	0	0	0	2	0	0
fsh-generated/resources/StructureDefinition-eis-provincias.json	1664	1	0	6	0	0	0	0	0	3	0	0	0	0	0	0	0	0	0	0	38	60	0	0	0	1	0	0
fsh-generated/resources/StructureDefinition-eis-regiones.json	1641	1	0	4	0	0	0	0	0	19	0	0	0	0	0	0	0	0	0	0	37	77	0	0	0	1	0	0
fsh-generated/resources/StructureDefinition-eis-tipo-de-via.json	1622	3	0	5	0	0	0	0	1	3	0	0	0	0	0	0	0	1	0	0	50	66	0	0	0	0	0	0
fsh-generated/resources/ValueSet-IdentidadGeneroVS.json	1047	2	0	0	0	0	0	0	0	27	0	0	0	0	0	0	0	0	0	0	7	49	0	0	0	1	0	0
fsh-generated/resources/ValueSet-SexoBiologicoVS.json	945	1	0	0	0	0	0	0	0	1	0	0	0	0	0	0	0	0	0	0	8	16	0	0	0	0	0	0
fsh-generated/resources/ValueSet-eis-CondiciondelaActividadLaboral-VS.json	1052	2	0	0	0	0	0	0	0	0	0	0	0	0	0	0	0	0	0	0	7	16	0	0	0	0	0	0
fsh-generated/resources/ValueSet-eis-EspecialidadesySubespecialidadesMedicas-VS.json	1221	7	0	0	0	0	0	0	0	1	0	0	0	0	0	0	0	0	0	0	8	22	0	0	0	0	0	0
fsh-generated/resources/ValueSet-eis-EstadoCivil-VS.json	980	5	0	0	0	0	0	0	0	1	0	0	0	0	0	0	0	0	0	0	6	17	0	0	0	0	0	0
fsh-generated/resources/ValueSet-eis-GES-VS.json	1076	3	0	0	0	0	0	0	0	0	0	0	0	0	0	0	0	0	0	0	7	21	0	0	0	0	0	0
fsh-generated/resources/ValueSet-eis-GruposdeOcupaciones-VS.json	1042	1	0	0	1	0	0	0	0	0	0	0	0	0	0	0	0	0	0	0	6	26	0	0	0	0	0	0
fsh-generated/resources/ValueSet-eis-InstitucionEmisoradeTituloProfesionalydeEspecialidad-VS.json	1269	2	0	0	0	0	0	0	0	1	0	0	0	0	0	0	0	0	0	0	8	32	0	0	0	0	0	0
fsh-generated/resources/ValueSet-eis-ModalidaddeAtencionFONASA-VS.json	1085	0	0	0	0	0	0	0	0	1	0	0	0	0	0	0	0	0	0	0	7	17	0	0	0	0	0	0
fsh-generated/resources/ValueSet-eis-NiveldeDiscapacidad-VS.json	1147	1	0	0	0	0	0	0	0	1	0	0	0	0	0	0	0	0	0	0	6	17	0	0	0	0	0	0
fsh-generated/resources/ValueSet-eis-NiveldeInstruccion-CS.json	802	0	0	0	0	0	0	0	0	0	0	0	0	0	0	0	0	0	0	0	6	17	0	0	0	1	0	0
fsh-generated/resources/ValueSet-eis-OcupacionesDesagregadas-VS.json	855	1	0	0	0	0	0	0	0	1	0	0	0	0	0	0	0	0	0	0	6	39	0	0	0	0	0	0
fsh-generated/resources/ValueSet-eis-OrigendeDiscapacidad-VS.json	1049	1	0	0	0	0	0	0	0	0	0	0	0	0	0	0	0	0	0	0	6	17	0	0	0	0	0	0
fsh-generated/resources/ValueSet-eis-PrevisiondeSalud-VS.json	1011	1	0	0	0	0	0	0	0	1	0	0	0	0	0	0	0	0	0	0	7	15	0	0	0	0	0	0
fsh-generated/resources/ValueSet-eis-PuebloAfrodescendienteChileno-VS.json	1108	1	0	0	0	0	0	0	0	0	0	0	0	0	0	0	0	0	0	0	7	16	0	0	0	0	0	0
fsh-generated/resources/ValueSet-eis-PueblosOriginarios-VS.json	1132	1	0	0	0	0	0	0	0	1	0	0	0	0	0	0	0	0	0	0	6	15	0	0	0	0	0	0
fsh-generated/resources/ValueSet-eis-Religion-VS.json	968	2	0	0	0	0	0	0	0	0	0	0	0	0	0	0	0	0	0	0	7	15	0	0	0	0	0	0
fsh-generated/resources/ValueSet-eis-SEREMI-VS.json	993	2	0	0	0	0	0	0	1	1	0	0	0	0	0	0	0	0	0	0	7	16	0	0	0	0	0	0
fsh-generated/resources/ValueSet-eis-ServiciosdeSalud-VS.json	967	0	0	0	0	0	0	0	0	0	0	0	0	0	0	0	0	0	0	0	9	18	0	0	0	0	0	0
fsh-generated/resources/ValueSet-eis-TipodeIdentificador-VS.json	872	1	0	0	0	0	0	0	0	1	0	0	0	0	0	0	0	0	0	0	7	19	0	0	0	1	0	0
fsh-generated/resources/ValueSet-eis-TipodeSistemadeSalud-VS.json	1051	1	0	0	0	0	0	0	0	0	0	0	0	0	0	0	0	0	0	0	7	20	0	0	0	0	0	0
fsh-generated/resources/ValueSet-eis-TituloProfesional-VS.json	1121	1	0	0	0	0	0	0	0	1	0	0	0	0	0	0	0	0	0	0	7	21	0	0	0	0	0	0
fsh-generated/resources/ValueSet-eis-TituloProfesionalSCT-VS.json	1137	1	0	0	0	0	0	0	0	1	0	0	0	0	0	0	0	0	0	0	7	20	0	0	0	0	0	0
fsh-generated/resources/ValueSet-eis-TramosFONASA-VS.json	1014	1	0	0	0	0	0	0	0	0	0	0	0	0	0	0	0	0	0	0	6	16	0	0	0	0	0	0
fsh-generated/resources/ValueSet-eis-comunas-vs.json	818	1	0	0	0	0	0	0	0	1	0	0	0	0	0	0	0	0	0	0	8	49	0	0	0	2	0	0
fsh-generated/resources/ValueSet-eis-especialidades-bioquimicas-vs.json	1086	1	0	0	0	0	0	0	0	0	0	0	0	0	0	0	0	0	0	0	7	16	0	0	0	1	0	0
fsh-generated/resources/ValueSet-eis-especialidades-enfermeria-vs.json	1083	2	0	0	0	0	0	0	0	1	0	0	0	0	0	0	0	0	0	0	7	18	0	0	0	0	0	0
fsh-generated/resources/ValueSet-eis-especialidades-farmaceuticas-vs.json	1074	2	0	0	0	0	0	0	0	0	0	0	0	0	0	0	0	0	0	0	6	15	0	0	0	0	0	0
fsh-generated/resources/ValueSet-eis-especialidades-odontologicas-vs.json	1186	1	0	0	0	0	0	0	0	1	0	0	0	0	0	0	0	0	0	0	7	14	0	0	0	1	0	0
fsh-generated/resources/ValueSet-eis-establecimientos-nivel-atencion-vs.json	1131	3	0	0	0	0	0	0	0	1	0	0	0	0	0	0	0	0	0	0	8	14	0	0	0	0	0	0
fsh-generated/resources/ValueSet-eis-establecimientos-nivel-complejidad-vs.json	1159	1	0	0	0	0	0	0	0	0	0	0	0	0	0	0	0	0	0	0	8	14	0	0	0	0	0	0
fsh-generated/resources/ValueSet-eis-establecimientos-nivel-primario-vs.json	1094	1	0	0	0	0	0	0	0	1	0	0	0	0	0	0	0	0	0	0	7	15	0	0	0	0	0	0
fsh-generated/resources/ValueSet-eis-establecimientos-nivel-secundario-vs.json	1123	2	0	0	0	0	0	0	0	0	0	0	0	0	0	0	0	0	0	0	8	14	0	0	0	0	0	0
fsh-generated/resources/ValueSet-eis-establecimientos-nivel-terciario-vs.json	1118	1	0	0	0	0	0	0	0	1	0	0	0	0	0	0	0	0	0	0	7	13	0	0	0	0	0	0
fsh-generated/resources/ValueSet-eis-establecimientos-privados-vs.json	1103	3	0	0	0	0	0	0	1	1	0	0	0	0	0	0	0	0	0	0	7	15	0	0	0	0	0	0
fsh-generated/resources/ValueSet-eis-establecimientos-tipo-atencion-vs.json	1054	4	0	0	0	0	0	0	0	0	0	0	0	0	0	0	0	0	0	0	8	16	0	0	0	0	0	0
fsh-generated/resources/ValueSet-eis-limite-urbano-censal-vs.json	1035	1	0	0	0	0	0	0	0	1	0	0	0	0	0	0	0	0	0	0	7	13	0	0	0	0	0	0
fsh-generated/resources/ValueSet-eis-paises-vs.json	23382	70	0	0	0	0	0	0	1	30	0	0	0	0	0	0	0	0	0	0	89	56	0	0	0	5	0	0
fsh-generated/resources/ValueSet-eis-provincias-vs.json	835	1	0	0	0	0	0	0	0	1	0	0	0	0	0	0	0	0	0	0	8	16	0	0	0	1	0	0
fsh-generated/resources/ValueSet-eis-regiones-vs.json	823	1	0	0	0	0	0	0	0	1	0	0	0	0	0	0	0	0	0	0	7	14	0	0	0	0	0	0
fsh-generated/resources/ValueSet-eis-tipo-establecimiento-publicos-vs.json	1138	1	0	0	0	0	0	0	1	1	0	0	0	0	0	0	0	0	0	0	6	13	0	0	0	0	0	0
fsh-generated/resources/ValueSet-eis-tipo-via-vs.json	764	0	0	0	0	0	0	0	0	1	0	0	0	0	0	0	0	0	0	0	14	15	0	0	0	0	0	0
/fsh-generated/includes/fsh-link-references.md	6664	-	-	-	0	0	0	0	0	0	0	0	0	0	0	0	0	0	0	0	0	1	0	0	0	0	0	0
/fsh-generated/includes/menu.xml	1110	-	-	-	0	0	0	0	0	0	0	0	0	0	0	0	0	0	0	0	0	0	0	0	0	0	0	0
/input/pagecontent/index.md	616	-	-	-	0	0	0	0	0	0	0	0	0	0	0	0	0	0	0	0	0	0	0	0	0	0	0	0
/input/pagecontent/changes.md	67	-	-	-	0	0	0	0	0	0	0	0	0	0	0	0	0	0	0	0	0	1	0	0	0	0	0	0
/template/config	0	-	-	-	0	0	0	0	0	0	0	0	0	0	0	0	0	0	0	0	0	0	0	0	0	0	0	0
/template/config/_config.yml	140	-	-	-	0	0	0	0	0	0	0	0	0	0	0	0	0	0	0	0	0	0	0	0	0	0	0	0
/temp/pages/_includes/artifacts.xml	56061	-	-	-	-	-	-	-	-	-	-	-	-	-	-	-	-	-	-	-	-	1	0	0	0	0	0	0
